Day,Time (PST),Platform,Content,Clip #,Status,Primary Goal,Notes
Monday,8:00 AM,Instagram,Core story hook,1,Planned,Reach,Post polished creative with faith angle
Monday,12:00 PM,TikTok,Raw studio moment,2,Planned,Discovery,Keep unpolished
Monday,7:00 PM,Facebook,Community devotion,3,Planned,Community,Share to relevant groups
Tuesday,7:00 AM,Instagram,Music performance clip,4,Planned,Engagement,Short vertical performance
Tuesday,1:00 PM,YouTube Shorts,Faith testimony,5,Planned,Watch time,Hook strong in first 2 seconds
Tuesday,8:00 PM,TikTok,Behind the bar,6,Planned,Followers,Raw studio process
Wednesday,9:00 AM,Facebook,Community impact,7,Planned,Trust,Local audience focus
Wednesday,12:00 PM,Instagram,Carousel or quote post,8,Planned,Saves,Use faith + practical truth
Wednesday,7:00 PM,YouTube Shorts,Series episode clip,9,Planned,Retention,Strong promise/tension
Thursday,8:00 AM,Instagram,Testimony or devotional clip,10,Planned,Reach,Use personal vulnerability
Thursday,12:00 PM,TikTok,Freestyle or bar snippet,11,Planned,Discovery,Authentic energy
Thursday,7:00 PM,Facebook,Joshua Generation update,12,Planned,Community,Invite discussion
Friday,8:00 AM,Instagram,Music promo clip,13,Planned,Streams,Feature call to action
Friday,2:00 PM,YouTube Shorts,Educational or Bible-based clip,14,Planned,Search,Use relevant terms
Friday,8:00 PM,TikTok,Comment response video,15,Planned,Engagement,Reply with video
Saturday,10:00 AM,Facebook,Community event clip,16,Planned,Local reach,Highlight people and place
Saturday,12:00 PM,Instagram,Street devotion,17,Planned,Reach,Use location-based framing
Saturday,7:00 PM,TikTok,Performance clip,18,Planned,Discovery,Use sound-driven energy
Sunday,10:00 AM,Instagram,Reflection post,19,Planned,Connection,Short and genuine
Sunday,12:00 PM,YouTube Shorts,Recap or community clip,20,Planned,Retention,Finish week with warmth
