Week,Campaign,Core Content ID,Source Asset,Platform,Asset Type,Format,Hook,Caption Draft,CTA,Status,Owner,Publish Date,Publish Time,Repurpose From,Creative Notes,Metrics to Watch,Views,Avg Watch Time,Saves,Shares,Comments,Follows Gained,Next Action
2026-W41,Launch System,CC-001,Studio Testimony Reel,Instagram,Video,Reel,"Most Christian rappers are doing this backwards...","A real conversation about faith, music, and serving Compton from the studio.","Stream the new song and tag someone who needs this message.",Idea,J.E.R.K.,,8:00 AM,,"Faith + music + community","Views; Saves; Shares; Follows",0,0,0,0,0,0,"Script and film"
2026-W41,Launch System,CC-002,Street Devotion,Facebook,Video,Reel,"If you're carrying heavy stuff, stop scrolling.","This is the message I needed in my own life. Faith isn't fake comfort — it's strength in the middle of the struggle.","Join the Joshua Generation conversation and share this with someone who needs encouragement.",Idea,J.E.R.K.,,12:00 PM,,"Faith + community + local audience","Views; Saves; Shares; Comments",0,0,0,0,0,0,"Script and film"
2026-W41,Launch System,CC-003,Bars & Bible Series,YouTube,Video,Short,"3 things I learned writing Christian bars in Compton.","One verse. One bar. One truth. Here's what God taught me while making this record.","Comment your favorite verse below.",Idea,J.E.R.K.,,2:00 PM,,"Series content","Views; Watch time; Comments; CTR",0,0,0,0,0,0,"Turn into repeatable series"
2026-W41,Launch System,CC-004,Behind the Bar Studio Session,TikTok,Video,Short,"This is what changed my creative process.","I stopped trying to sound like everybody else and started writing from the life God was building in me.","Follow for the next recording session.",Idea,J.E.R.K.,,6:00 PM,,"Raw studio authenticity","Views; Completion rate; Follows",0,0,0,0,0,0,"Film raw footage"
2026-W41,Launch System,CC-005,JGM Impact Update,Instagram,Carousel,Carousel,"The church isn't just a building. It's a mission.","Here's what God has been doing through Joshua Generation Ministries in our community.","Comment 'community' if you want the next volunteer update.",Idea,J.E.R.K.,,9:00 AM,,"Community outreach","Saves; Shares; Comments",0,0,0,0,0,0,"Build carousel"
2026-W41,Launch System,CC-006,Compton Testimony,YouTube,Video,Long-form,"I almost walked away from faith... and this is what changed it.","A real testimony about the pain, the pressure, and the grace that kept me moving.","Subscribe and share this with someone who needs hope right now.",Idea,J.E.R.K.,,7:00 PM,,"Story + testimony + faith","Watch time; Shares; Comments; Subscriptions",0,0,0,0,0,0,"Develop full script"
2026-W41,Launch System,CC-007,Community Partner Feature,Instagram,Video,Collab,"A lot of people think ministry is a stage. It’s not.","This is what community looks like when faith moves beyond a sermon and into action.","Tag a partner or church leader who is building with the community.",Idea,J.E.R.K.,,10:00 AM,,"Collaborative post","Saves; Shares; Follows; Comments",0,0,0,0,0,0,"Reach out to partner"
2026-W41,Launch System,CC-008,Faith Before Fame,Facebook,Video,Short,"The industry taught me one thing I never wanted to believe.","Everybody is not built for the same path. God was preparing me before the platform ever noticed me.","Comment 'truth' if this hit you.",Idea,J.E.R.K.,,1:00 PM,,"Faith + industry story","Views; Comments; Shares",0,0,0,0,0,0,"Film as talking head"
2026-W42,Faith & Testimony,CC-101,Street Devotion,Instagram,Video,Reel,"The sermon I almost skipped changed everything.","Sometimes the message you're resisting is the one that changes you.","Comment 'still moving' if this spoke to you.",Idea,J.E.R.K.,,8:00 AM,,"Faith + testimony + local relevance","Views; Saves; Shares; Comments",0,0,0,0,0,0,"Script and film"
2026-W42,Faith & Testimony,CC-102,Compton Testimony,YouTube,Video,Long-form,"I almost gave up on myself and God met me in the middle.","This is the part of my story I don't tell lightly — but it's the part that made me honest.","Share this with someone who needs hope.",Idea,J.E.R.K.,,7:00 PM,,"Testimony + vulnerability","Watch time; Comments; Shares; Subscriptions",0,0,0,0,0,0,"Build full story arc"
2026-W42,Faith & Testimony,CC-103,Behind the Bar, TikTok,Video,Short,"This verse changed how I write.","I stopped writing for applause and started writing from the place God was making me whole.","Follow for the next verse breakdown.",Idea,J.E.R.K.,,6:00 PM,,"Faith + music + process","Views; Completion rate; Follows",0,0,0,0,0,0,"Turn into series"
2026-W42,Faith & Testimony,CC-104,Daily Devotion,Facebook,Video,Reel,"God was in the middle of the mess.","I don’t need a perfect story to know God is working. I need a truthful one.","Comment with one word that describes what you're carrying.",Idea,J.E.R.K.,,12:00 PM,,"Community + faith","Views; Shares; Saves; Comments",0,0,0,0,0,0,"Film with local context"
2026-W42,Faith & Testimony,CC-105,Faith Before Fame,Instagram,Video,Reel,"The industry almost convinced me to change my message.","This is why I chose faith before fame.","Tag a creator who needs this reminder.",Idea,J.E.R.K.,,9:00 AM,,"Industry + faith + identity","Views; Saves; Shares; Follows",0,0,0,0,0,0,"Draft talking-head script"
2026-W42,Faith & Testimony,CC-106,Joshua Generation Update,Instagram,Carousel,Carousel,"People need more than a sermon. They need a place to belong.","Here’s what’s happening inside Joshua Generation Ministries and how we’re building community.","Comment 'belong' if you want the next update.",Idea,J.E.R.K.,,10:00 AM,,"Community impact","Saves; Shares; Comments",0,0,0,0,0,0,"Create infographic-style layout"
2026-W42,Faith & Testimony,CC-107,Street Devotion,Facebook,Video,Short,"This is what I learned walking through the city with God.","When faith feels heavy, sometimes the next step is just to keep walking.","Share this with someone carrying a lot.",Idea,J.E.R.K.,,1:00 PM,,"Faith / local field footage","Views; Saves; Shares",0,0,0,0,0,0,"Use street B-roll"
2026-W42,Faith & Testimony,CC-108,Community Testimony,TikTok,Video,Short,"This is the moment I realized God wasn't done with me.","Sometimes the turning point happens after the low point.","Follow for more honest faith content.",Idea,J.E.R.K.,,6:00 PM,,"Testimony + retention","Views; Completion rate; Follows",0,0,0,0,0,0,"Film on location"
2026-W43,Music & Impact,CC-201,Studio Session Recap,Instagram,Video,Reel,"The song started in pain and ended in purpose.","This is the story behind the song — the part most people never hear.","Stream the track and send it to someone who needs it.",Idea,J.E.R.K.,,8:00 AM,,"Music + story + faith","Views; Saves; Shares; Follows",0,0,0,0,0,0,"Script and film"
2026-W43,Music & Impact,CC-202,Behind the Bar,YouTube,Video,Long-form,"I built this track from a moment of confusion.","Here’s the process behind the song, from rough thoughts to finished verse.","Comment the first line you remember from the song.",Idea,J.E.R.K.,,7:00 PM,,"Process + music","Watch time; Comments; Shares; CTR",0,0,0,0,0,0,"Turn into slow-burn story"
2026-W43,Music & Impact,CC-203,Performance Clip,TikTok,Video,Short,"This is the verse that almost didn't make the song.","The part people skip is the part that made the song honest.","Follow for more music and testimony.",Idea,J.E.R.K.,,6:00 PM,,"Music + vulnerability","Views; Completion rate; Follows",0,0,0,0,0,0,"Film performance take"
2026-W43,Music & Impact,CC-204,JGM Impact,Facebook,Video,Reel,"This is what real ministry looks like.","We’re not just talking about impact — we’re building in the middle of it.","Comment 'impact' if you want the next update.",Idea,J.E.R.K.,,12:00 PM,,"Community + mission","Views; Shares; Comments; Saves",0,0,0,0,0,0,"Capture action footage"
2026-W43,Music & Impact,CC-205,Song Breakdown,Instagram,Carousel,Carousel,"3 things I learned writing this record.","The best songs aren’t always the most polished. They’re the ones that reveal the truth.","Save this if you are writing through pain right now.",Idea,J.E.R.K.,,10:00 AM,,"Music + process + faith","Saves; Shares; Comments",0,0,0,0,0,0,"Build listicle slides"
2026-W43,Music & Impact,CC-206,Community Partner Highlight,Instagram,Video,Collab,"If you want to change a city, start with one table.","This is what partnership looks like when faith is lived out in community.","Tag a ministry partner or local leader.",Idea,J.E.R.K.,,9:00 AM,,"Collaborative outreach","Saves; Shares; Comments; Follows",0,0,0,0,0,0,"Reach out to partner"
2026-W43,Music & Impact,CC-207,Street Performance Clip,Facebook,Video,Short,"God gave me this verse in the middle of the noise.","The message still lands when the room is loud.","Share this with someone who is trying to keep going.",Idea,J.E.R.K.,,2:00 PM,,"Community + local energy","Views; Saves; Shares",0,0,0,0,0,0,"Film outdoors"
2026-W43,Music & Impact,CC-208,Live Session,YouTube,Video,Short,"A 30-second reminder: faith still makes the beat matter.","When the message is real, the music hits deeper.","Subscribe for more theologically grounded music and testimony.",Idea,J.E.R.K.,,4:00 PM,,"Faith + music + creator authority","Watch time; Subscriptions; CTR",0,0,0,0,0,0,"Use live room footage"
2026-W44,Teaching & Momentum,CC-301,Faith Before Fame Teaching,YouTube,Video,Long-form,"The world told me to chase attention. God told me to build truth.","This is the lesson I had to learn before I could lead with authority.","Comment 'truth' if you're learning this too.",Idea,J.E.R.K.,,7:00 PM,,"Teaching + testimony + identity","Watch time; Comments; Shares; Subscriptions",0,0,0,0,0,0,"Turn into 3-part teaching"
2026-W44,Teaching & Momentum,CC-302,Artist Growth Lesson,Instagram,Video,Reel,"Most artists are building the wrong platform.","This is what I learned about building a ministry and a message before a brand.","Save this if you're trying to stay rooted in purpose.",Idea,J.E.R.K.,,8:00 AM,,"Opinion + creator growth","Views; Saves; Shares; Follows",0,0,0,0,0,0,"Script as direct teaching"
2026-W44,Teaching & Momentum,CC-303,Scripture Breakdown,TikTok,Video,Short,"This verse changed my perspective on success.","The Bible doesn't reject ambition — it redefines it.","Follow for more scripture and music culture talk.",Idea,J.E.R.K.,,6:00 PM,,"Faith + teaching","Views; Completion rate; Follows",0,0,0,0,0,0,"Use text overlay"
2026-W44,Teaching & Momentum,CC-304,Volunteer Call,Facebook,Video,Reel,"Not every mission needs a stage — some need a hand.","This is how Joshua Generation Ministries is serving the community right now.","Comment 'serve' if you want to join the next outreach.",Idea,J.E.R.K.,,12:00 PM,,"Community + action","Views; Comments; Saves; Shares",0,0,0,0,0,0,"Capture event footage"
2026-W44,Teaching & Momentum,CC-305,Community Q&A,Instagram,Stories,Story,"What’s one verse that carried you through a hard season?","This is a real conversation. Drop the verse that carried you.","Share this story with someone who needs it.",Idea,J.E.R.K.,,9:00 AM,,"Fan engagement","Replies; Story taps; Shares",0,0,0,0,0,0,"Use story poll format"
2026-W44,Teaching & Momentum,CC-306,Music Advice Thread,Instagram,Carousel,Carousel,"5 things no one tells Christian artists.","If you're building in faith, you need systems, not just dreams.","Save this for your next creative season.",Idea,J.E.R.K.,,10:00 AM,,"Teaching + music + process","Saves; Shares; Comments",0,0,0,0,0,0,"Design in carousel format"
2026-W44,Teaching & Momentum,CC-307,Community Response,Facebook,Video,Short,"This is what happens when people show up for each other.","Community is not a slogan. It’s what we do in real time.","Share this with a local church or ministry leader.",Idea,J.E.R.K.,,2:00 PM,,"Community + local action","Views; Saves; Shares",0,0,0,0,0,0,"Use event or volunteer footage"
2026-W44,Teaching & Momentum,CC-308,Series Recap,YouTube,Video,Short,"This week’s lesson: faith is not passive.","It’s a posture, a practice, and a life lived in obedience.","Subscribe if you want more honest teaching and music.",Idea,J.E.R.K.,,4:00 PM,,"Series + recap + teaching","Watch time; Subscriptions; CTR",0,0,0,0,0,0,"Use recap voiceover"
